{
  "project_info": {
    "project_number": "116131652645",
    "firebase_url": "https://skhu-201914140-default-rtdb.firebaseio.com",
    "project_id": "skhu-201914140",
    "storage_bucket": "skhu-201914140.appspot.com"
  },
  "client": [
    {
      "client_info": {
        "mobilesdk_app_id": "1:116131652645:android:1cf3ca8c62279f8d620bcc",
        "android_client_info": {
          "package_name": "com.example.e04firebase"
        }
      },
      "oauth_client": [
        {
          "client_id": "116131652645-hojlmoknl125fcq6huam8dnh0h6nm3a3.apps.googleusercontent.com",
          "client_type": 3
        }
      ],
      "api_key": [
        {
          "current_key": "AIzaSyDdE3nE4rYwolcuhOaOIGcej13rurt3sg4"
        }
      ],
      "services": {
        "appinvite_service": {
          "other_platform_oauth_client": [
            {
              "client_id": "116131652645-hojlmoknl125fcq6huam8dnh0h6nm3a3.apps.googleusercontent.com",
              "client_type": 3
            }
          ]
        }
      }
    },
    {
      "client_info": {
        "mobilesdk_app_id": "1:116131652645:android:d3ab1d3a3cfb1ea3620bcc",
        "android_client_info": {
          "package_name": "com.example.q201914140"
        }
      },
      "oauth_client": [
        {
          "client_id": "116131652645-hojlmoknl125fcq6huam8dnh0h6nm3a3.apps.googleusercontent.com",
          "client_type": 3
        }
      ],
      "api_key": [
        {
          "current_key": "AIzaSyDdE3nE4rYwolcuhOaOIGcej13rurt3sg4"
        }
      ],
      "services": {
        "appinvite_service": {
          "other_platform_oauth_client": [
            {
              "client_id": "116131652645-hojlmoknl125fcq6huam8dnh0h6nm3a3.apps.googleusercontent.com",
              "client_type": 3
            }
          ]
        }
      }
    }
  ],
  "configuration_version": "1"
}